id,first_name,number
1,Moll,+504 282 300 8357
2,Sibelle,+7 690 515 9416
3,Kath,+55 602 334 1593
4,Orazio,+46 693 145 7921
5,Garald,+251 547 929 2121
6,Wes,+86 430 219 9784
7,Jordon,+62 443 981 9682
8,Lissy,+86 305 937 7390
9,Giulia,+7 144 364 5043
10,Barris,+358 873 918 0771
11,Delly,+380 581 789 5991
12,Abagael,+84 345 928 2766
13,Ban,+251 899 439 9729
14,Idelle,+63 365 888 2693
15,Hope,+55 294 755 8027
16,Taddeo,+86 979 628 1815
17,Annabell,+56 480 707 8690
18,Nicolea,+254 792 818 3781
19,Julieta,+86 485 495 8284
20,Carling,+351 892 513 0607